	Date	Twitter Inc.	Apple Inc.	Facebook Inc.	NVIDIA Corp	Amazon.com Inc	Microsoft Corp
0	2016-05-25	14.41	99.62	117.89	45.17	708.35	52.12
1	2016-05-24	14.03	97.9	117.7	45.36	704.2	51.59
2	2016-05-23	14.41	96.43	115.97	44.2877185267	696.75	50.03
3	2016-05-20	14.43	95.22	117.35	44.217895547	702.8	50.62
4	2016-05-19	14.15	94.2	116.81	43.4398680594	698.52	50.32
5	2016-05-18	14.14	94.56	117.65	43.2503485432	697.45	50.81
6	2016-05-17	14.34	93.49	117.35	42.1730797141	695.27	50.51
7	2016-05-16	14.29	93.88	118.67	42.0833073117	710.66	51.4632062119
8	2016-05-13	14.1	90.52	119.81	40.8763672347	710.22	50.7185138589
9	2016-05-12	14.08	90.32	120.28	35.4800483782	717.93	51.1454708079
10	2016-05-11	14.59	92.51	119.52	35.9688092358	713.23	50.6887261647
11	2016-05-10	14.63	93.39	120.5	35.869062122	703.245	50.6589384706
12	2016-05-09	14.2	92.82	119.24	35.1907817482	679.75	49.7156614901
13	2016-05-06	14.4	92.72	119.49	35.2406553051	673.95	50.033396894
14	2016-05-05	14.12	93.24	117.81	34.8815656954	659.09	49.5865814822
15	2016-05-04	14.84	93.6176910777	118.06	34.6720967565	670.9	49.5170768626
16	2016-05-03	14.01	94.6016757275	117.43	35.4800483782	671.32	49.4277137802
17	2016-05-02	14.4	93.0809721778	118.57	35.8939989005	683.85	50.2518399843
18	2016-04-29	14.62	93.1803645667	117.58	35.4401495327	659.59	49.5170768626
19	2016-04-28	14.64	94.231439079	116.73	36.1084551952	602.0	49.5766522508
20	2016-04-27	14.86	97.2256347937	108.89	37.2156481583	606.57	50.5795046196
21	2016-04-26	17.75	103.715957787	108.76	36.3877471138	616.88	51.0759661883
22	2016-04-25	17.09	104.441522226	110.1	36.3578229797	626.2	51.7412246904
23	2016-04-22	17.23	105.037876559	110.56	36.1782781748	620.5	51.413560055
24	2016-04-21	17.51	105.326114487	113.44	36.3179241341	631.0	55.3852526047
25	2016-04-20	17.4	106.479066198	112.42	36.3578229797	632.99	55.1965972086
26	2016-04-19	16.92	106.260402942	112.29	36.2181770203	627.9	55.9909357185
27	2016-04-18	17.31	106.826939559	110.45	36.8765079714	635.35	56.0604403381
28	2016-04-15	17.58	109.182539175	109.64	37.0361033535	625.89	55.2561725968
29	2016-04-14	17.53	111.418867925	110.84	36.7468367235	620.75	54.968224887
30	2016-04-13	17.36	111.338558874	110.51	36.6470896097	614.82	54.9582956556
31	2016-04-12	16.57	109.768954269	110.61	35.7493655855	603.17	54.2632494594
32	2016-04-11	16.51	108.377460825	108.99	35.789264431	595.93	53.9256555927
33	2016-04-08	16.65	107.999769747	110.63	35.5698207806	594.6	54.0348771378
34	2016-04-07	16.98	107.880498881	113.64	35.3404024189	591.43	54.0745940633
35	2016-04-06	17.26	110.285794691	113.71	35.70946674	602.08	54.729923334
36	2016-04-05	17.05	109.142782219	112.22	35.6595931831	586.14	54.173886377
37	2016-04-04	17.09	110.405065558	112.55	35.70946674	593.19	55.0377295066
38	2016-04-01	15.98	109.321688519	116.06	36.0585816383	598.5	55.1767387458
39	2016-03-31	16.55	108.327764631	114.1	35.5398966465	593.64	54.8391448791
40	2016-03-30	16.36	108.894301247	114.7	35.6695678944	598.69	54.6604187144
41	2016-03-29	15.97	107.045602814	116.14	35.3005035734	593.86	54.3228248477
42	2016-03-28	15.6	104.550853854	113.69	34.7419197361	579.87	53.1611047769
43	2016-03-24	15.91	105.02793732	113.05	34.3928048378	582.95	53.8263632789
44	2016-03-23	16.01	105.485142309	112.54	34.3429312809	569.63	53.588061726
45	2016-03-22	16.86	106.071557403	112.25	33.7643980209	560.48	53.6873540397
46	2016-03-21	16.89	105.266479053	111.85	33.8242462892	553.98	53.4788401809
47	2016-03-18	16.85	105.276418292	111.45	33.7244991754	552.08	53.11145862
48	2016-03-17	16.85	105.157147426	111.02	32.7370027488	559.44	54.2731786908
49	2016-03-16	16.7	105.326114487	112.18	33.0162946674	574.27	53.9653725182
50	2016-03-15	16.19	103.944560281	110.67	32.0587223749	577.02	53.2107509338
51	2016-03-14	17.12	101.897077071	109.89	32.218317757	573.37	52.793723216
52	2016-03-11	16.81	101.608839143	109.41	32.138520066	569.61	52.6944309023
53	2016-03-09	17.66	100.555279821	107.32	31.6497592084	558.93	52.4660585807
54	2016-03-08	18.33	100.505583626	107.51	31.6697086311	559.47	51.2844800472
55	2016-03-07	19.17	100.416130477	105.93	32.2582166025	560.26	50.668867702
56	2016-03-04	19.36	101.251026543	105.73	32.4676855415	562.8	51.6617908394
57	2016-03-03	19.31	102.384099776	108.39	32.5674326553	575.14	51.9795262434
58	2016-03-02	18.54	100.883274704	109.58	32.8566992853	577.49	52.5752801258
59	2016-03-01	17.85	100.137831788	109.95	32.6671797691	580.21	52.207898565
60	2016-02-29	18.12	99.9191685321	109.82	31.2806948873	579.04	50.5199292314
61	2016-02-26	17.94	96.1025007995	106.92	31.4844293576	552.52	50.9369569491
62	2016-02-25	17.59	96.321164055	107.92	31.6931329613	555.23	51.731295459
63	2016-02-24	18.0	96.1720754717	108.07	31.6235650934	555.3	50.9965323373
64	2016-02-23	18.3	95.5160857051	106.88	31.4049232228	554.04	50.8178061726
65	2016-02-22	18.3	94.1146530221	105.46	31.3254170881	552.94	52.2774031846
66	2016-02-19	18.31	96.2822022386	107.16	30.2520842691	559.5	51.4532769805
67	2016-02-18	18.43	95.4564502718	104.57	29.8545535954	534.9	51.8206585414
68	2016-02-17	17.46	95.6751135273	103.47	27.4892460868	525.0	52.049030863
69	2016-02-16	16.36	97.5238119603	105.1992	26.8233822084	534.1	50.7284430902
70	2016-02-12	15.88	95.9683210745	101.5	25.5711605862	521.1	49.7750047138
71	2016-02-11	14.31	93.4189063	102.01	25.143815112	507.08	48.9931260866
72	2016-02-10	14.98	93.1306683722	101.91	25.2730125809	503.82	49.012845598
73	2016-02-09	14.4	93.6972049888	101.0	25.332642182	490.48	48.5888761028
74	2016-02-08	14.9	94.4128301887	99.54	25.0643089772	482.07	48.7170529269
75	2016-02-05	15.72	94.4327086665	99.75	26.2668392652	488.1	49.4565346046
76	2016-02-04	16.91	93.4487240166	104.069	28.0358507632	502.13	51.2707296539
77	2016-02-03	16.56	96.0130476495	110.49	28.0259124963	536.26	51.4284857451
78	2016-02-02	16.08	95.2518239398	112.69	27.8867767605	531.07	52.2567052241
79	2016-02-01	17.91	93.4031377875	114.61	29.119121849	552.1	53.9427234493
80	2016-01-29	16.8	95.3309121174	115.03	29.1091835822	574.81	54.317394166
81	2016-01-28	16.49	95.9784465718	112.21	27.8768384937	587.0	51.3249583102
82	2016-01-27	16.78	93.0175829216	109.11	28.1849247658	635.35	50.5016687091
83	2016-01-26	17.01	92.3759800805	94.45	28.5228258385	583.35	51.4383455008
84	2016-01-25	17.02	98.8503360222	97.34	28.2346161	601.25	51.0636747841
85	2016-01-22	17.84	98.2769467343	97.01	28.2743691674	596.53	51.5468028136
86	2016-01-21	17.83	100.264037197	97.94	27.6283818226	596.38	49.7720467871
87	2016-01-20	17.38	95.2023938287	94.16	27.3103572837	575.02	50.0776992139
88	2016-01-19	16.69	95.7223985967	94.35	27.161283281	571.77	49.8509248327
89	2016-01-15	17.94	95.5582906281	95.26	26.9327031436	574.48	50.1960162823
90	2016-01-14	19.0	95.9141874275	94.88	28.4930110379	569.71	52.3651625369
91	2016-01-13	18.68	98.3856929786	98.37	29.0793687817	593.0	50.9157784486
92	2016-01-12	19.62	96.2611868068	95.44	29.9936893312	581.81	52.029930843
93	2016-01-11	19.65	98.8206779556	99.37	29.496775989	617.89	51.566522325
94	2016-01-08	19.98	97.4069767803	97.5	29.440127868	617.74	51.5961015921
95	2016-01-07	20.26	95.8548712942	97.33	30.0930719996	607.05	51.4383455008
96	2016-01-06	21.39	95.3506841618	97.92	31.3353553549	607.94	53.2919795729
97	2016-01-05	21.92	99.5522435987	102.97	32.6869596455	632.65	54.2779551432
98	2016-01-04	22.56	101.543288471	102.73	32.090663635	633.79	53.7800374802
99	2015-12-31	23.14	104.035554668	102.02	32.7565275134	636.25	54.7019246384
100	2015-12-30	22.23	104.060269724	104.66	33.1838729877	675.89	55.5202843617
101	2015-12-29	22.47	106.096790298	106.22	33.4720827261	689.07	55.7569184986
102	2015-12-28	22.53	107.500605451	107.26	32.9354163166	693.97	55.1653331564
103	2015-12-24	22.97	105.602489188	105.93	32.9652311171	675.25	54.8892599968
104	2015-12-23	22.67	106.798697875	105.02	32.8509410484	662.79	55.0371563323
105	2015-12-22	22.56	107.381973185	104.63	32.7267127129	663.54	54.5737478143
106	2015-12-21	22.14	106.007816098	105.51	32.691928779	663.15	54.0314612506
107	2015-12-18	22.99	106.10667632	104.783	31.961466166	664.51	53.3708576185
108	2015-12-17	23.31	104.692975145	104.04	32.468317775	664.74	54.9188392639
109	2015-12-16	24.3	107.737869984	106.22	32.9652311171	670.65	55.3428087591
110	2015-12-15	23.95	110.06899402	106.79	32.7664657803	675.77	54.4258514787
111	2015-12-14	24.92	109.230659337	104.55	32.3689351066	658.64	54.3666929445
112	2015-12-11	24.84	111.197977756	104.66	32.2894289718	657.91	53.3018393286
113	2015-12-10	25.91	111.88999931	102.12	32.7764040471	640.15	54.4948697686
114	2015-12-09	24.31	114.845919949	105.42	32.5080708424	662.32	54.2089368533
115	2015-12-08	24.99	114.302188728	104.6	33.352823524	664.79	55.0075770652
116	2015-12-07	24.46	116.882440523	106.49	32.9056015161	677.33	55.0272965766
117	2015-12-04	25.02	116.931870634	105.61	33.541650594	669.83	55.1258941336
118	2015-12-03	25.9	117.673322299	106.18	32.2297993708	672.64	53.4497356642
119	2015-12-02	25.4	113.857317729	104.38	32.2993672387	666.25	54.4357112344
120	2015-12-01	25.53	114.954666193	106.07	32.5478239097	676.01	54.4455709901
121	2015-11-30	25.4	116.002584547	107.0899	31.5241824249	679.06	53.587772244
122	2015-11-27	25.75	117.00107279	104.34	31.1962196191	664.8	53.1736625045
123	2015-11-25	26.06	116.46722759	105.45	30.9378246812	673.26	52.9370283676
124	2015-11-24	25.52	116.684720079	105.41	30.9775777486	675.34	53.489174687
125	2015-11-23	25.2	117.525031966	105.74	30.7291210775	671.15	53.4300161528
126	2015-11-20	26.27	116.417797479	106.95	31.1962196191	678.99	53.4300161528
127	2015-11-19	26.32	117.940244899	107.32	30.9278864144	668.45	53.1835222602
128	2015-11-18	25.9	117.426171744	106.26	30.8384420128	661.27	53.0947844589
129	2015-11-17	25.23	115.953154436	107.77	30.100774994	663.54	52.227125957
130	2015-11-16	25.41	112.394186442	105.13	30.100774994	643.3	52.6531300784
131	2015-11-13	25.18	112.873658519	104.04	29.5066807507	647.81	51.7472592456
132	2015-11-12	26.13	111.059573445	103.95	30.100774994	642.35	52.2173327588
133	2015-11-11	26.5	114.40104895	108.0	30.209692272	665.6	52.5405082992
134	2015-11-10	27.05	114.796489838	109.01	30.5067393936	673.86	52.4034035245
135	2015-11-09	27.09	115.399537192	107.91	31.1008336369	659.68	53.039961407
136	2015-11-06	28.28	119.195769719	106.49	31.239455627	655.49	53.7842444695
137	2015-11-05	28.66	119.680184807	107.107	27.4372524699	659.37	53.2554117672
138	2015-11-04	29.36	119.541780496	108.76	27.754102733	655.65	53.2749981636
139	2015-11-03	29.13	120.093027178	103.9998	28.2194765569	640.95	53.0301682088
140	2015-11-02	29.2	120.654117551	102.58	28.4175079713	625.31	52.1389871733
141	2015-10-30	28.46	119.285844537	103.31	28.0907561375	628.35	51.5543332413
142	2015-10-29	29.06	117.63210449	102.0	27.4075477577	625.9	52.2565055516
143	2015-10-28	30.87	118.646004638	104.88	28.3878032592	626.55	52.8440974431
144	2015-10-27	31.34	117.415543294	104.2	28.1600671326	617.1	52.5796810919
145	2015-10-26	30.89	112.759477568	103.7	28.179870274	610.48	53.1281001907
146	2015-10-23	30.28	113.409161157	103.77	28.3085906934	608.61	51.9333300113
147	2015-10-22	29.15	117.218669479	102.19	28.110559279	599.03	47.0367309154
148	2015-10-21	29.3	113.665097117	99.67	27.1402053482	563.91	46.2238954654
149	2015-10-20	30.91	111.981825998	97.11	27.4966618942	555.77	46.7821077624
150	2015-10-19	30.91	112.00151338	97.0	27.5362681771	560.8101	46.6352097895
151	2015-10-16	31.15	109.983556776	98.51	27.5857760307	573.15	46.5274846094
152	2015-10-15	29.71	109.304342114	97.5395	27.1600084897	570.73	46.0378246998
153	2015-10-14	29.38	110.052462611	95.96	27.0906974946	562.36	45.7146491595
154	2015-10-13	29.06	108.487315781	94.07	26.1401467053	544.83	45.9203063215
155	2015-10-12	28.75	110.04261892	94.12	26.0906388517	548.9	46.0280315016
156	2015-10-09	30.85	109.855588796	94.26	25.8133948715	550.19	46.1357566817
157	2015-10-08	30.32	110.337929643	93.24	25.9124105787	539.8	46.4687254202
158	2015-10-07	29.83	107.788413738	92.47	25.7638870179	533.16	45.8125811414
159	2015-10-06	27.62	108.940125556	92.4	25.4965446084	541.66	45.7832015468
160	2015-10-05	28.15	109.570121764	92.8	25.1598912039	537.48	45.6460967721
161	2015-10-02	26.31	109.048406154	93.995	24.5558953899	543.68	44.6276041602
162	2015-10-01	24.68	108.654658524	92.07	23.9320964344	532.54	43.697250332
163	2015-09-30	26.94	107.857319573	90.95	24.3974702583	520.72	43.2859360079
164	2015-09-29	25.59	108.231379822	89.73	23.4667226105	511.67	42.5416529453
165	2015-09-28	25.26	107.355291345	86.67	23.0706597816	496.07	42.3947549724
166	2015-09-25	25.29	110.682458819	89.21	23.3875100447	504.06	43.0117264585
167	2015-09-24	26.6	112.926820311	92.77	23.2092817717	524.25	43.0313128549
168	2015-09-23	26.79	113.202443652	94.41	22.77361266	533.75	42.9627604676
169	2015-09-22	26.83	112.53307268	93.97	22.664695382	536.07	43.0019332603
170	2015-09-21	27.38	111.658952942	92.957	23.2983959082	538.4	43.1977972242
171	2015-09-18	27.96	113.409161157	95.55	23.0607582109	548.39	42.5808257381
172	2015-09-17	27.41	111.676671585	94.4	23.0805613523	540.26	43.3349019989
173	2015-09-16	27.75	112.13932505	94.34	22.8726283672	538.87	43.3838679898
174	2015-09-15	27.17	114.531341903	93.45	22.7142032356	527.24	43.0704856477
175	2015-09-14	26.9	114.462436068	92.9	22.4666639676	522.37	42.1597182158
176	2015-09-11	27.39	113.497754374	92.31	22.4270576847	521.38	42.5808257381
177	2015-09-10	27.71	112.424792082	92.05	22.3577466896	529.44	42.3947549724
178	2015-09-09	27.18	110.810426799	91.98	22.0111917144	522.24	42.1793046122
179	2015-09-08	27.18	108.428253637	90.44	22.4567623969	516.89	42.9823468639
180	2015-09-04	28.15	110.456053932	89.515	21.5359163197	517.54	41.7288174954
181	2015-09-03	28.3	107.562008851	88.26	22.0507979973	499.0	42.6004121345
182	2015-09-02	27.82	108.644814833	88.15	21.9913885729	504.72	42.4633073598
183	2015-09-01	27.03	110.584021911	89.89	21.347786476	510.55	40.9551548382
184	2015-08-31	27.79	106.272485362	87.23	22.2587309824	496.54	42.6199985308
185	2015-08-28	26.83	110.997456923	89.43	22.5062702505	512.89	43.036209454
186	2015-08-27	26.46	111.509328842	91.01	22.4072545433	518.01	42.9921400621
187	2015-08-26	25.03	111.080143925	89.73	21.5953257441	518.37	41.8463358737
188	2015-08-25	24.38	107.911459872	87.19	20.2982199795	501.19	40.2841248981
189	2015-08-24	25.005	104.22007584	84.1148	20.6002178865	474.0	41.1118460093
190	2015-08-21	25.87	102.003276683	82.48	21.3081801931	465.78	42.4633073598
191	2015-08-20	26.0	104.559683171	86.26	21.9319791486	496.38	44.8038817276
192	2015-08-19	27.61	110.889176325	90.56	22.7637110892	515.78	45.6460967721
193	2015-08-18	28.3	113.212287342	95.34	22.8528252257	532.92	46.2924478528
194	2015-08-17	29.06	114.678997264	95.17	23.0628460124	535.02	46.0394836569
195	2015-08-14	29.06	115.328680854	93.93	23.2107479749	535.22	45.728143108
196	2015-08-13	28.54	114.186812727	94.42	23.1910277132	531.52	45.46544952
197	2015-08-12	29.39	113.350099013	93.43	23.3882303298	529.66	45.4751789121
198	2015-08-11	29.62	113.43869223	94.19	23.3339996103	525.91	45.1541089712
199	2015-08-10	29.5	111.775010056	93.62	23.4473911148	527.46	46.049213049
200	2015-08-07	27.04	117.819233051	94.15	22.6585806484	524.0	45.4751789121
201	2015-08-06	27.54	113.714315571	94.302	20.1639675483	522.62	45.3584262063
202	2015-08-05	28.48	113.369786394	95.12	20.2921492491	529.46	46.2924478528
203	2015-08-04	29.34	113.085602471	96.44	20.0850865016	537.01	46.2535302842
204	2015-08-03	29.27	112.340844604	94.06	20.006205455	531.9	45.5432846572
205	2015-07-31	31.01	116.059734217	94.14	19.6709610067	534.59	45.5238258729
206	2015-07-30	31.47	119.024066518	94.01	19.7399819226	536.35	45.6892255394
207	2015-07-29	31.24	119.915816069	94.95	19.6906812684	536.76	45.0373562654
208	2015-07-28	36.54	120.523381698	96.99	19.4540381285	529.0	44.113064011
209	2015-07-27	34.7	120.846763404	95.29	19.044842699	526.03	44.1617109718
210	2015-07-24	35.42	120.425387242	94.17	19.1434440073	531.41	44.7260157165
211	2015-07-23	36.19	121.983499096	96.979	19.3751570818	530.5	44.8622272066
212	2015-07-22	36.09	122.649861398	95.43	19.1335838765	482.18	44.2784636776
213	2015-07-21	36.63	122.708658072	97.03	19.5131989135	488.27	46.0005660883
214	2015-07-20	35.81	128.1277515	98.39	19.424457736	488.0	45.6503079708
215	2015-07-17	35.67	129.421278322	97.91	19.7991427075	488.1	45.338967422
216	2015-07-16	36.1	127.020414145	94.97	19.9076041467	483.01	45.3973437749
217	2015-07-15	35.66	125.932675681	90.85	19.4737583901	475.48	44.5216984814
218	2015-07-14	36.72	124.276569371	89.76	19.6118002218	461.19	44.3854869913
219	2015-07-10	34.91	123.090836451	89.68	19.4737583901	465.57	43.3872513566
220	2015-07-09	34.36	123.139833679	87.95	19.1385139419	443.51	43.3152538547
221	2015-07-08	34.76	120.807565621	85.88	19.3751570818	434.39	43.0428308745
222	2015-07-07	35.52	117.661943577	85.6401	19.5131989135	429.7	43.1060719234
223	2015-07-06	35.43	120.111804982	87.22	19.887883885	436.72	43.1887717567
224	2015-07-02	35.72	123.169232016	87.55	20.1343871558	436.04	43.1595835803
225	2015-07-01	35.4	123.47301483	87.285	20.1146668941	437.71	43.2374187175
226	2015-06-30	36.13	123.904190437	86.91	19.8287231	437.39	42.9552663451
227	2015-06-29	34.21	124.060981567	85.765	19.8385832309	434.09	43.1887717567
228	2015-06-26	35.2401	122.909546707	85.807	20.4548414078	429.86	44.0838758346
229	2015-06-25	35.17	122.032496324	88.01	20.8738969681	438.57	44.4244045599
230	2015-06-24	35.17	124.207973252	87.98	20.7161348748	440.1	44.4000810795
231	2015-06-23	35.37	124.942931673	88.86	20.9231976222	440.84	44.6676393636
232	2015-06-22	35.55	125.540697856	87.88	21.4704348833	445.99	44.9984386968
233	2015-06-19	35.86	124.482357729	84.74	21.5641061262	436.29	44.8524978145
234	2015-06-18	34.66	125.050725575	82.51	21.6232669112	434.92	45.4362613435
235	2015-06-17	34.69	124.060981567	82.905	21.2781623321	439.7	44.7260157165
236	2015-06-16	34.82	125.315310607	81.79	21.0316590613	427.81	44.5898042264
237	2015-06-15	34.67	124.746942761	81.06	20.7752956598	427.26	44.2444108051
238	2015-06-12	35.9	125.040926129	80.71	20.8147361831	423.67	44.7260157165
239	2015-06-11	35.84	124.374563827	81.53	21.3964839021	429.92	45.1832971476
240	2015-06-10	35.85	124.619549968	81.83	21.169700893	432.97	45.3486968142
241	2015-06-09	35.88	126.011071246	82.16	21.5542459954	430.77	44.4146751677
242	2015-06-08	36.46	126.295255169	80.67	21.4457845562	425.48	44.4925103049
243	2015-06-05	37.0	124.864536108	80.67	21.9486512286	423.5	44.8914153831
244	2015-06-04	36.71	125.236915042	82.14	21.7810290045	426.95	45.1336772476
245	2015-06-03	37.0	126.06986792	82.05	21.3964839021	430.78	45.5822022258
246	2015-06-02	36.4	126.765628559	82.44	21.633127042	436.59	45.6503079708
247	2015-06-01	36.63	127.510386426	80.445	22.0669727985	430.99	45.9519191275
248	2015-05-29	36.67	127.353595296	80.29	21.8204695278	430.92	45.6211197944
249	2015-05-28	36.83	127.917063419	79.19	21.8303296586	429.23	46.1659657548
250	2015-05-27	36.41	127.667177556	80.145	21.5345257337	426.57	46.3224143806
251	2015-05-26	36.51	129.137094399	80.55	20.4400512115	431.42	45.3292380299
252	2015-05-22	36.6	129.396779708	79.335	20.5682329123	425.47	45.6308491865
253	2015-05-21	36.68	127.020414145	80.54	20.5978133048	427.65	46.1367775784
254	2015-05-20	36.78	129.881852266	80.48	20.7457152673	431.63	46.2924478528
255	2015-05-19	37.5	128.75491602	80.55	20.7457152673	423.86	46.2924478528
256	2015-05-18	37.28	127.451589752	80.63	20.9724982764	421.71	46.7108117153
257	2015-05-15	37.1	127.461389198	80.88	21.0020786689	425.24	46.9880993916
258	2015-05-14	37.33	127.578982545	80.42	20.992218538	426.0	47.401598558
259	2015-05-13	37.72	126.187461267	81.37	20.6569740898	432.28	46.3362301175
260	2015-05-12	37.48	126.363851288	78.45	20.5386525198	426.87	46.0686718333
261	2015-05-11	37.31	123.482814276	77.46	20.3414499032	431.02	46.0881306176
262	2015-05-08	37.59	123.340722314	78.01	20.5337224544	432.85	46.4578475193
263	2015-05-07	37.71	123.78659709	78.51	22.1754342377	433.69	45.4362613435
264	2015-05-06	37.26	125.060525021	78.425	21.7908891353	426.88	45.0276268732
265	2015-05-05	37.42	122.747855854	78.1	21.7218682195	419.1	46.3119066371
266	2015-05-04	37.88	121.996418034	77.56	22.2937558076	421.19	46.9345877347
267	2015-05-01	37.84	122.76737372	78.81	22.4317976393	423.04	47.338357509
268	2015-04-30	38.96	125.597464211	78.98	21.8796303128	422.8	47.3237634208
269	2015-04-29	38.49	125.841437529	78.763	21.8303296586	421.785	47.7323978911
270	2015-04-28	42.27	122.133043092	80.465	21.9930218173	429.37	47.8199624204
271	2015-04-27	51.66	125.538910614	80.68	21.8894904436	429.31	46.7302704996
272	2015-04-24	50.82	127.412625698	81.91	21.7218682195	438.56	46.5746002252
273	2015-04-23	51.41	129.452242638	81.51	21.9092107053	445.1	42.1671855809
274	2015-04-22	51.73	127.139375582	82.41	21.9979518827	389.99	41.8217921596
275	2015-04-21	51.32	126.544080685	84.63	21.7465185466	389.8	41.4812634343
276	2015-04-20	51.4	125.519392749	83.62	21.7810290045	391.18	41.7390923263
277	2015-04-17	50.66	123.850615252	83.09	21.8894904436	389.8	40.493730131
278	2015-04-16	52.03	124.523981611	80.78	22.1754342377	375.56	41.0191173071
279	2015-04-15	51.3	121.742685783	82.31	22.3134760693	386.04	41.1115465326
280	2015-04-14	51.2	123.12845423	82.705	22.0472525369	383.45	40.5229183075
281	2015-04-13	51.62	123.723749127	83.515	22.2345950227	385.11	40.6299416211
282	2015-04-10	51.94	123.255320356	83.01	22.4416577701	382.36	40.5910240525
283	2015-04-09	52.17	123.792061656	82.029	22.2099446956	382.65	40.3575186409
284	2015-04-08	52.3	124.036034974	82.17	21.7120080886	383.54	40.299142288
285	2015-04-07	52.87	123.509052607	82.275	21.5542459954	381.2	40.4061656016
286	2015-04-06	50.84	122.572195065	82.32	21.3619734442	374.41	40.4207596899
287	2015-04-02	50.42	122.972311307	82.44	20.7654355289	377.04	39.199720975
288	2015-04-01	50.47	124.280008292	81.557	20.7161348748	372.25	39.5986260531
289	2015-03-31	50.08	122.298944949	81.665	20.6323237627	370.255	39.5548437885
290	2015-03-30	49.89	121.254739147	82.215	21.169700893	372.1	39.8515902491
291	2015-03-27	50.01	121.430399936	83.195	21.0809597155	374.59	39.8613196412
292	2015-03-26	49.92	123.323632885	83.3	20.671764286	370.56	40.0948250528
293	2015-03-25	49.5	120.278845874	83.03	20.7388131757	367.35	40.3380598566
294	2015-03-24	51.47	121.244980214	82.94	22.0866930602	370.96	41.7390923263
295	2015-03-23	48.46	120.405711999	85.31	22.392357116	374.09	41.6953100616
296	2015-03-20	48.44	123.635918732	84.43	23.1417270591	375.11	41.719633542
297	2015-03-19	47.93	124.143383234	83.8	22.8902937229	378.49	41.140734709
298	2015-03-18	47.2	122.864963047	82.75	22.5501192092	373.24	41.3499166403
299	2015-03-17	46.93	124.421512817	80.9172	22.91494405	375.135	40.5667005721
300	2015-03-16	46.43	125.373008758	79.365	22.6437904521	371.92	40.4061656016
301	2015-03-13	46.66	123.977481378	78.07	22.3824969851	373.35	40.2602247194
302	2015-03-12	47.07	121.937864438	78.05	22.3529165926	370.58	39.909966602
303	2015-03-11	46.27	120.610649587	78.93	22.5599793401	374.33	40.8439882484
304	2015-03-10	45.84	121.449917801	77.57	22.6733708446	366.37	40.8926352092
305	2015-03-09	47.59	119.293193668	77.55	22.2937558076	369.51	41.6904453655
306	2015-03-06	46.75	121.508471398	79.44	22.2345950227	378.56	41.2137051501
307	2015-03-05	47.35	124.075070705	80.005	22.5402590784	380.09	41.9434095614
308	2015-03-04	47.57	123.548088338	81.21	22.1162734527	387.83	41.8898979046
309	2015-03-03	47.71	123.362668616	80.895	21.8697701819	382.72	42.108809228
310	2015-03-02	48.15	125.441321287	79.6	22.2789656114	384.61	42.692572757
311	2015-02-27	48.08	126.241553771	79.75	21.751448612	385.655	42.6633845806
312	2015-02-26	49.41	125.978062587	78.97	21.8894904436	380.16	42.8628371197
313	2015-02-25	48.55	125.363249825	80.41	21.8303296586	384.8	42.7995960707
314	2015-02-24	48.69	127.271121174	79.56	21.9979518827	385.37	42.8968899922
315	2015-02-23	48.47	125.685294605	78.45	21.8500499203	378.59	42.9552663451
316	2015-02-20	49.11	128.983813867	78.84	22.0226022098	380.14	42.6682492767
317	2015-02-19	48.7	129.793805284	79.895	21.8648401165	383.66	42.3228558553
318	2015-02-18	47.82	126.373299363	79.42	21.810609397	378.995	42.0523605428
319	2015-02-17	48.03	125.353490892	76.71	22.0620427331	373.37	42.1006632772
320	2015-02-13	48.5	125.61210261	75.6	21.9979518827	375.43	42.0814786505
321	2015-02-12	47.95	124.748437063	75.74	21.9880917519	381.83	41.3332782095
322	2015-02-11	47.5	124.016517109	76.23	20.5189322582	377.17	40.6522239619
323	2015-02-10	46.26	123.41146328	76.51	20.6569740898	375.14	40.8632548555
324	2015-02-09	47.32	121.869551909	75.19	20.0949466325	372.995	40.6330393352
325	2015-02-06	48.01	119.078497148	74.44	20.1146668941	370.56	40.681000902
326	2015-02-05	41.26	116.833942621	74.47	20.1984780062	374.28	40.7193701553
327	2015-02-04	40.72	116.062986935	75.63	19.8780237542	373.89	40.1342390412
328	2015-02-03	39.79	117.048639141	75.4	19.8287231	364.75	39.9040235209
329	2015-02-02	37.46	116.222367708	74.99	19.3455766893	363.55	39.5970694938
330	2015-01-30	37.53	115.337771232	75.91	18.9363812599	364.47	38.7529459193
331	2015-01-29	36.68	115.318329551	78.0	19.5033387826	354.53	40.2973083681
332	2015-01-28	37.15	113.889366014	76.24	19.0399126336	311.78	39.5107386737
333	2015-01-26	40.1	115.580792242	77.495	20.326659707	303.91	45.0934650413
334	2015-01-23	39.42	112.091010542	77.83	20.4203309499	309.66	45.2565343682
335	2015-01-22	39.07	106.093252021	77.65	20.3611701649	312.39	45.2085728014
336	2015-01-21	37.83	109.942704815	76.74	20.0160655858	310.32	44.0479028865
337	2015-01-20	37.57	109.826054731	76.24	19.7399819226	297.25	44.4987416138
338	2015-01-15	36.93	109.262245988	74.05	19.3258564277	289.44	43.6258410993
339	2015-01-14	39.85	106.491806477	76.28	19.4638982593	286.95	44.0814759832
340	2015-01-12	39.37	105.684976724	76.45	19.3800871472	293.27	44.4651685171
341	2015-01-08	39.09	103.031187298	76.72	19.4145976052	294.74	44.7001801941
342	2015-01-06	38.76	103.83801705	78.175	19.5822198293	291.41	45.6498192154
343	2015-01-05	36.38	106.734827487	76.15	18.9215910636	300.46	43.7889104262
344	2015-01-02	36.56	107.143102783	77.19	19.5131989135	295.29	44.4363915771
345	2014-12-31	35.87	106.200181265	78.45	19.8484433617	302.19	44.8536572076
346	2014-12-30	35.86	108.883133213	78.02	19.7695623151	308.52	44.5562954939
347	2014-12-26	37.6	108.766483128	79.22	20.0850865016	310.35	45.1030573546
348	2014-12-24	37.61	104.742055207	80.775	20.3020093799	310.3	45.9279963024
349	2014-12-23	37.57	103.293649988	80.77	20.2822891182	309.09	46.1773964494
350	2014-12-22	38.43	103.283929148	80.61	20.3611701649	303.03	46.4747581632
351	2014-12-19	37.08	106.277947988	81.45	20.4893518657	306.285	46.0239194359
352	2014-12-18	36.73	107.298636229	79.88	20.1343871558	306.54	45.7169654088
353	2014-12-17	35.57	109.378896073	78.4	19.9371845392	299.9	45.582673022
354	2014-12-16	35.13	110.730092887	76.11	19.8583034925	297.73	43.8752412463
355	2014-12-15	36.85	110.80785961	74.69	19.0744230915	298.88	43.3188870722
356	2014-12-12	37.1	108.883133213	76.99	19.2962760352	295.06	44.7673263875
357	2014-12-11	36.7	109.398337754	76.18	19.9766250625	306.07	45.2469420548
358	2014-12-10	36.35	109.787171369	76.84	19.9864851933	307.32	44.9879495945
359	2014-12-09	37.05	108.659553884	76.36	20.4400512115	305.84	45.6498192154
360	2014-12-05	38.49	109.505266998	75.24	20.7752956598	312.5	46.4459812231
361	2014-12-02	38.91	106.355714711	75.46	20.6569740898	312.63	46.8488583837
362	2014-12-01	39.04	103.765110747	75.1	20.3217296416	316.93	46.4843504765
363	2014-11-28	41.74	105.203795125	77.7	20.2921492491	326.31	46.6378274901
364	2014-11-26	41.13	106.666781604	77.62	20.6766943515	326.0	45.860850109
365	2014-11-25	39.76	108.504020438	75.63	20.6224636319	338.64	45.8032962289
366	2014-11-24	40.19	108.824808171	74.01	20.2822891182	333.57	45.5347114552
367	2014-11-21	40.03	110.934230535	73.75	20.2921492491	335.04	45.6498192154
368	2014-11-20	39.81	109.262245988	73.6	20.1688976137	335.64	46.0239194359
369	2014-11-19	39.71	111.78966449	73.33	20.0555061091	332.63	46.7145659968
370	2014-11-18	40.61	112.265985669	74.34	19.7301217917	330.54	46.2541349562
371	2014-11-17	40.47	112.693702646	74.24	19.8037599671	326.54	46.7529352502
372	2014-11-12	42.54	111.429993395	74.88	19.3373848563	324.93	47.1437345051
373	2014-11-11	39.59	111.857710372	74.25	19.4257506668	323.05	47.2581147748
374	2014-11-10	39.59	115.609954763	74.72	19.1950177173	327.82	47.2867098423
375	2014-11-07	40.31	115.678000646	74.61	19.2882927394	316.48	46.4955796433
376	2014-11-06	40.84	114.317082991	75.0	19.4208414551	311.51	46.5813648456
377	2014-11-04	40.9	115.313469131	75.6	19.6564836163	312.01	46.6004282239
378	2014-11-03	40.21	113.218628027	75.26	19.4306598785	305.11	46.4002627519
379	2014-10-31	41.47	113.063094581	75.76	19.852852084	299.86	46.4193261302
380	2014-10-30	41.8	111.468876757	73.88	19.7644862736	296.64	45.3422452569
381	2014-10-29	42.08	112.246543988	74.99	19.5092072656	302.81	45.2183332981
382	2014-10-28	43.78	110.80785961	74.11	19.1851992939	305.72	44.75128053
383	2014-10-27	48.56	110.992555578	75.86	18.3506333062	305.46	43.8934285071
384	2014-10-24	49.95	109.670521285	80.77	18.4635451751	299.07	44.4367347883
385	2014-10-23	49.67	108.144349343	80.28	18.5862754674	294.12	44.3128228294
386	2014-10-22	49.08	106.637619083	80.67	18.1542648385	295.59	43.7599848591
387	2014-10-21	50.63	105.791905969	80.04	18.1444464151	289.97	43.9696820202
388	2014-10-20	50.7	105.966881096	78.37	17.9529871591	287.06	42.9116645253
389	2014-10-17	48.77	105.665535044	78.69	17.5651594354	313.18	42.3016364201
390	2014-10-16	48.23	105.36548635	76.95	17.9873516409	312.97	42.7782208773
391	2014-10-15	49.99	105.113832607	75.95	17.2509698871	315.33	42.0156857458
392	2014-10-14	48.58	105.888151816	72.63	17.1036935363	306.21	41.5867597343
393	2014-10-13	48.49	104.533093201	73.21	17.1331488065	303.64	40.7384394005
394	2014-10-10	50.4	103.545836209	73.59	17.1233303831	302.86	41.1959604794
395	2014-10-09	55.29	103.894279853	72.99	16.8631421634	305.97	41.6820766257
396	2014-10-08	55.42	103.313540447	72.91	16.4802236514	308.31	41.6058231126
397	2014-10-07	53.53	101.735865059	75.91	16.5391341917	306.45	41.9680273
398	2014-10-06	53.49	101.84233395	77.49	17.5847962822	311.39	43.7027947242
399	2014-10-03	53.94	101.464853335	76.29	17.9284411006	315.37	44.5892418146
400	2014-10-02	51.85	99.683919155	77.555	17.5995239172	322.7	43.3977806716
401	2014-10-01	50.06	99.1806116692	77.44	17.7909831732	316.98	43.9315552636
402	2014-09-30	51.58	96.5576053491	77.08	17.8989858305	322.2	43.9315552636
403	2014-09-29	51.74	94.5346964159	76.55	17.938259524	322.74	43.6170095219
404	2014-09-26	51.89	93.1699588102	79.04	18.1149911449	317.46	43.7504531699
405	2014-09-25	51.45	94.4088695444	79.0	18.1788108969	322.44	44.1889108705
406	2014-09-24	52.96	95.5800273479	78.79	18.2082661671	321.82	44.2651643837
407	2014-09-23	52.17	96.6060002996	77.22	18.1739016852	323.21	44.2365693163
408	2014-09-22	51.94	97.4964673899	78.535	18.576457044	321.93	43.8838968179
409	2014-09-19	53.0	97.7771581031	78.29	18.4684543868	328.21	44.8751924889
410	2014-09-18	50.88	97.5642203206	76.8	18.5470017739	323.63	44.3795446534
411	2014-09-17	50.7	95.5800273479	77.91	18.7335518182	324.5	44.8561291106
412	2014-09-16	50.83	96.4220994875	77.0	19.08701506	331.32	45.2945868112
413	2014-09-15	49.38	96.4220994875	76.43	18.8022807819	325.0	44.4939249231
414	2014-09-12	52.11	96.6931112106	76.08	18.7875531468	324.0	44.3414178968
415	2014-09-11	52.64	95.9962239226	74.58	18.5175465037	327.76	44.5701784363
416	2014-09-10	52.91	97.5158253701	77.48	18.7728255117	323.89	44.0745306008
417	2014-09-09	50.61	96.896370003	77.92	19.0575597899	331.19	44.5082224568
418	2014-09-08	52.0	97.5158253701	77.43	19.2539282576	330.52	44.7989389757
419	2014-09-05	50.68	94.7282762181	76.67	19.1851992939	331.33	44.6464319494
420	2014-09-04	50.24	98.4837243812	77.89	19.4306598785	329.75	44.5701784363
421	2014-09-03	49.33	99.3451545011	77.26	19.6073914994	342.34	44.2937594511
422	2014-09-02	51.02	97.8158740635	75.95	19.6663020397	346.38	43.7599848591
423	2014-08-29	49.75	97.7190841624	75.83	19.327566433	345.95	43.1404250647
424	2014-08-28	49.43	98.5224403417	76.68	19.1410163886	339.0	42.8544743904
425	2014-08-27	48.06	98.3191815493	74.82	19.0968334834	342.38	42.9783863493
426	2014-08-26	48.17	97.6222942613	73.855	19.0379229431	339.04	43.3024637802
427	2014-08-25	46.1	98.3675764999	74.63	18.8808281689	340.02	42.7782208773
428	2014-08-22	45.98	98.3966134702	75.9601	19.1017426951	343.18	42.7686891881
429	2014-08-21	45.11	98.1739966977	75.02	18.7630070883	341.83	42.8973669916
430	2014-08-20	45.06	97.7578001229	74.57	18.7335518182	334.02	43.0546398624
431	2014-08-19	45.09	94.8444240994	74.57	18.7237333948	331.59	43.0355764841
432	2014-08-18	45.12	95.2025467335	74.81	18.9004650157	332.91	43.1022983081
433	2014-08-15	44.76	95.7929651303	75.29	19.0182860963	335.78	42.8449427013
434	2014-08-14	45.33	94.9702509709	74.59	18.9495571326	335.13	43.2071468887
435	2014-08-13	44.15	95.76392816	73.63	18.6942781246	334.53	42.9974497276
436	2014-08-12	43.81	99.9839678484	74.296	18.4586359634	333.63	42.692435675
437	2014-08-11	43.27	99.2096486395	73.77	18.6648228545	333.21	42.1967878395
438	2014-08-08	43.13	98.9676738868	72.83	18.5568201972	326.28	42.0156857458
439	2014-08-07	43.0	98.8515260054	73.44	18.5568201972	319.32	41.4819111537
440	2014-08-06	43.46	97.6503633326	73.06	18.6550044311	318.33	41.1768971011
441	2014-08-05	43.83	98.2804655889	73.17	17.1429672298	316.8	41.1768971011
442	2014-08-04	43.47	98.0675278064	72.47	17.3196988508	311.45	41.2054921685
443	2014-08-01	44.13	97.3512825382	72.69	17.3393356975	313.89	40.7384394005
444	2014-07-31	45.19	97.3416035481	73.51	17.3295172741	312.32	41.0625168314
445	2014-07-30	46.3	97.3028875876	72.36	17.3687909677	313.65	41.3389358165
446	2014-07-29	38.59	95.9768659424	72.65	17.1822409234	307.06	40.8528196702
447	2014-07-28	37.93	94.8347451093	74.677	17.7517094797	312.99	41.1387703445
448	2014-07-25	38.16	94.370153584	73.71	17.4571567782	322.51	41.5376715352
449	2014-07-24	38.71	94.1184998411	74.92	17.3982462378	320.0	41.8298178074
450	2014-07-23	37.75	92.889268097	75.19	17.4669752015	320.41	41.9108371652
451	2014-07-22	37.65	92.9086260772	74.98	17.7811647498	324.01	42.4160166898
452	2014-07-21	38.05	91.6987523133	71.29	17.7517094797	358.61	42.3206997984
453	2014-07-18	37.05	91.4470985704	69.27	18.1346279917	358.14	42.7686891881
454	2014-07-17	36.87	91.4567296498	69.4	18.2131753788	360.84	42.7305624315
455	2014-07-16	37.43	91.6108269196	68.4199	18.1051727215	359.76	42.7353282761
456	2014-07-15	37.88	92.0634876497	66.4099	18.9495571326	358.66	42.5971187835
457	2014-07-14	38.31	92.5835659355	67.66	18.9986492496	352.454	42.4446117572
458	2014-07-11	38.33	92.0731187291	67.165	19.0182860963	355.9	42.0156857458
459	2014-07-10	37.84	94.5290439672	67.9	18.9397387093	354.44	40.4620204153
460	2014-07-09	38.06	94.7505587926	66.34	18.704096548	355.32	40.1665380519
461	2014-07-08	37.41	95.3669478719	64.8725	18.6599136428	346.2	40.1188796061
462	2014-07-07	40.23	94.0677152656	64.97	18.7630070883	327.92	39.7328461958
463	2014-07-03	41.33	93.4503630783	62.76	18.2131753788	329.97	39.7185486621
464	2014-07-02	41.77	93.6044603481	65.29	18.3604517296	323.81	39.8233972427
465	2014-07-01	42.05	91.225583745	66.29	18.5077280803	333.55	40.0235627147
466	2014-06-30	40.97	90.4733964466	66.45	18.3432694886	337.492	39.842460621
467	2014-06-27	40.93	90.9462824434	68.06	18.4095438465	332.85	39.9377775124
468	2014-06-26	41.44	89.6556214977	67.29	18.2033569554	332.39	39.909182445
469	2014-06-25	39.46	91.2833702212	67.6	18.0462621812	324.78	39.7471437295
470	2014-06-24	38.48	91.8034485069	67.13	18.0266253345	324.57	40.2713866324
471	2014-06-23	39.52	92.8917604751	67.44	18.2720859191	325.69	39.7662071078
472	2014-06-20	39.24	91.7071377132	65.72	18.0855358748	327.44	40.0616894713
473	2014-06-19	38.9	91.528962745	65.37	18.3702701529	324.16	39.7900363307
474	2014-06-18	38.74	91.8708660624	64.5	18.5862754674	327.24	40.0235627147
475	2014-06-17	38.02	91.832341745	64.3415	18.7904986738	324.2	39.7280803512
476	2014-06-16	38.02	92.4275424497	65.6	19.2342914108	327.0	39.5660416358
477	2014-06-13	36.9	90.5610392688	64.4	19.2539282576	334.38	39.6994852838
478	2014-06-12	36.79	90.0313299037	64.19	19.1262887536	325.62	39.7280803512
479	2014-06-11	35.54	90.0698542212	64.5	19.1851992939	327.62	39.5565099467
480	2014-06-10	35.37	89.5016205387	64.2901	19.1655624471	326.27	39.2991543398
481	2014-06-09	34.47	88.586667999	65.781	19.0477413665	325.91	38.6795945454
482	2014-06-06	33.33	87.5465114276	65.77	18.8022807819	335.2	38.9464818415
483	2014-06-05	33.89	87.0264331419	62.88	18.704096548	332.41	39.1847740701
484	2014-06-04	32.9	86.9493845069	62.5	18.6844597012	327.5	39.3372810964
485	2014-06-03	32.58	87.479093872	63.186	18.6157307376	329.67	39.5374465684
486	2014-06-02	31.75	87.5561425069	63.34	18.5371833505	323.57	39.2800909615
487	2014-05-30	32.44	88.4710950466	62.87	18.5175465037	306.78	38.4317706277
488	2014-05-29	34.0	88.7792895863	63.08	18.5960938908	307.19	38.4031755603
489	2014-05-28	33.77	88.6829787926	63.3	18.6550044311	308.84	38.8797600175
490	2014-05-27	30.51	88.798551745	63.83	18.6059123142	312.55	39.0227353546
491	2014-05-23	30.5	87.9124924434	63.51	18.6353675843	313.78	38.450834006
492	2014-05-22	31.52	88.8852314593	63.48	18.4782728102	310.16	38.1362882642
493	2014-05-21	31.75	90.3973109196	61.351	18.1542648385	310.82	38.3078586688
494	2014-05-20	31.77	90.7729230148	60.52	17.9873516409	312.24	38.2411368448
495	2014-05-19	32.07	90.2432136498	60.49	17.9088042539	304.91	38.2220734665
496	2014-05-16	32.26	88.8219415092	58.56	17.9088042539	305.01	38.4603656951
497	2014-05-15	32.77	89.0668460988	59.21	18.1189211933	301.19	37.8217425225
498	2014-05-14	32.85	88.7187513731	58.0199	17.5520941009	296.755	37.8884643465
499	2014-05-13	33.39	87.7171191192	57.919	17.5911856245	297.7	37.9647178596
500	2014-05-12	33.94	86.4939720398	59.23	17.6889144335	295.19	37.7454890093
501	2014-05-08	31.96	87.0924748289	59.83	17.8648262898	297.62	38.3555171145
502	2014-05-07	30.66	87.4199315273	59.83	18.1580127169	304.64	38.5270875191
503	2014-05-06	31.85	85.8555690648	57.24	17.640050029	302.86	37.8360611337
504	2014-05-05	38.75	86.0784597587	56.76	18.0798296696	292.24	37.4290181943
505	2014-05-02	39.02	84.4962110058	57.39	17.8599398493	288.32	37.523679343
506	2014-05-01	39.09	83.5523652281	58.53	17.8355076471	292.71	37.3201578733
507	2014-04-30	38.97	83.4202818539	61.22	18.2068771214	297.38	36.9746446805
508	2014-04-29	42.62	83.200142897	60.46	18.0114195033	310.05	37.3248909307
509	2014-04-28	40.73	83.1836324752	61.15	18.0505110269	308.01	37.5710099173
510	2014-04-25	41.61	82.2095175909	59.78	18.2655144068	307.89	37.8644594783
511	2014-04-24	44.82	81.0138878812	58.15	18.2264228832	304.13	38.243104073
512	2014-04-23	45.95	81.7087014639	56.14	18.3046059304	300.38	38.3472313366
513	2014-04-22	46.02	81.6935669106	57.71	18.8225686182	296.58	38.6880114719
514	2014-04-21	46.13	81.5656111419	60.87	18.6564296429	303.83	37.7792644444
515	2014-04-17	45.01	80.5629469866	61.36	18.441426263	337.15	37.7319338701
516	2014-04-16	44.42	80.8996907973	63.0301	18.2850601686	324.58	37.5710099173
517	2014-04-15	45.52	81.043353149	61.24	18.1384669551	329.32	37.8549933634
518	2014-04-14	40.87	81.3279414267	58.94	18.0700567887	330.87	37.807662789
519	2014-04-11	40.05	82.224120859	59.72	18.0309652651	324.91	37.8739255931
520	2014-04-10	41.34	81.0775584708	59.09	17.9039178134	323.68	38.243104073
521	2014-04-09	42.49	80.9270550547	58.89	17.7084601954	316.08	37.6278066065
522	2014-04-08	41.78	80.7368734653	58.53	17.9625550988	315.91	37.088238059
523	2014-04-07	42.45	81.043353149	59.16	18.4121076203	311.73	37.1156897921
524	2014-04-04	43.14	81.2841586148	62.41	18.4316533821	317.11	37.2586281266
525	2014-04-03	44.05	78.2535670995	58.19	17.7964161235	331.81	38.3093668771
526	2014-04-02	45.73	77.6830223312	56.95	17.7377788381	327.07	37.6940694106
527	2014-04-01	46.98	71.7969705484	56.75	18.3046059304	317.76	37.6751371809
528	2014-03-31	46.67	72.7477416744	59.49	18.1091483124	323.0	37.741399985
529	2014-03-28	47.3	72.6753632133	62.72	18.2264228832	333.62	38.8205370801
530	2014-03-27	46.32	71.822966593	62.62	17.5032296964	341.96	39.1423849857
531	2014-03-26	44.43	71.0116163589	60.24	17.4934568155	342.99	39.2086477897
532	2014-03-25	47.88	70.867940325	60.01	17.3859551256	336.37	38.8016048503
533	2014-03-24	48.77	71.3769291962	60.97	17.6205042672	338.29	38.1484429243
534	2014-03-21	50.92	71.0937091313	60.39	18.0309652651	338.47	37.2586281266
535	2014-03-20	50.12	71.6232075134	64.89	18.0309652651	343.41	37.665671066
536	2014-03-19	51.24	72.5590651191	64.1	18.1189211933	354.71	38.1863073838
537	2014-03-18	51.13	71.617734662	67.24	18.148239836	351.85	38.3377652217
538	2014-03-17	52.05	71.6218393006	66.97	18.1384669551	360.62	38.0159173162
539	2014-03-14	51.92	72.7642970501	68.24	17.8257347662	368.97	38.176841269
540	2014-03-13	53.57	73.7179414231	69.19	17.4152737683	373.23	37.1734330928
541	2014-03-12	54.5	74.2323894636	68.74	17.4152737683	378.77	37.4384843091
542	2014-03-11	54.02	74.109250305	67.72	17.3370907211	375.04	36.0185670787
543	2014-03-10	53.88	73.437457784	68.83	17.9039178134	373.74	35.6872530583
544	2014-03-07	53.53	73.4538763385	70.88	17.8550534089	371.51	35.8671092408
545	2014-03-06	54.83	73.5359691109	70.1	17.6791415526	370.64	36.2268216058
546	2014-03-05	54.38	73.8533944976	72.03	17.943009337	368.82	35.9901687341
547	2014-03-04	54.28	74.5662334048	69.8	17.9625550988	370.53	35.8008464367
548	2014-03-03	53.71	73.7726699381	70.84	18.2166500023	372.06	35.8765753557
549	2014-02-28	54.91	72.9079594019	71.57	18.0602839078	372.16	36.1132282274
550	2014-02-27	55.77	72.3374146335	68.8	17.8745991707	372.37	36.0753637679
551	2014-02-26	55.87	72.6876771292	67.41	17.9625550988	363.9	36.359347214
552	2014-02-25	54.96	72.7068321094	68.46	18.0798296696	359.78	35.7629819772
553	2014-02-24	55.78	72.0692449103	68.94	18.2850601686	362.1	36.2646860653
554	2014-02-21	55.92	71.7887612712	69.26	18.3143788113	360.13	35.8387108962
555	2014-02-20	56.63	72.6042161439	69.85	18.3970732176	359.8	35.4695324163
556	2014-02-19	55.5	73.4196710166	70.78	18.1343968681	358.32	35.5357952203
557	2014-02-18	58.18	73.3485239472	68.59	18.2705994197	351.78	35.6777869434
558	2014-02-14	57.44	72.6411578915	69.63	17.6479591839	346.76	35.9523042746
559	2014-02-13	56.47	72.5754836736	68.06	17.4144690955	349.8	35.7345836326
560	2014-02-12	56.85	72.6178982726	67.3	17.4241978492	347.38	35.5073968757
561	2014-02-11	54.0	72.8381805453	67.09	16.8891163965	353.65	35.4222018419
562	2014-02-10	52.92	72.6849407035	67.33	16.3734924512	357.35	35.3470353659
563	2014-02-07	54.35	72.2088026234	64.45	15.8092247375	357.2	35.3376395563
564	2014-02-06	50.03	72.0008342666	64.85	15.4881758659	349.25	35.2060982232
565	2014-02-05	65.97	72.1964887075	63.55	15.4395320975	361.79	34.924223938
566	2014-02-04	66.32	70.7844930219	64.32	15.2157707628	360.87	34.5765789863
567	2014-02-03	65.25	71.4289212854	62.16	15.0211956891	361.08	34.3510795581
568	2014-01-31	64.5	72.1800701531	62.19	15.1573982406	354.59	33.9940387968
569	2014-01-30	63.47	71.8653811921	62.75	15.0698394575	346.45	33.6557896546
570	2014-01-29	59.45	72.6726267876	61.48	15.2741432849	347.95	34.1537675584
571	2014-01-28	60.44	73.523655195	62.57	15.2936007922	346.15	34.275913082
572	2014-01-27	57.91	74.7030546922	61.08	15.0406531964	358.69	35.553743175
573	2014-01-24	61.74	74.4294121174	53.53	15.1865845017	403.01	34.6329538433
574	2014-01-23	62.8	74.4896134839	55.14	15.0406531964	384.2	34.4450376532
575	2014-01-22	62.44	73.3252643284	53.55	15.1379407333	394.43	34.0786010824
576	2014-01-21	62.53	73.3307371799	54.45	15.5368196343	386.28	33.8531016542
577	2014-01-17	62.2	72.3770928069	56.63	15.5951921565	387.6	34.5859747958
578	2014-01-16	60.57	71.1032866214	57.51	15.6146496638	399.87	33.8812890827
579	2014-01-15	61.57	70.122277991	58.51	15.5562771417	404.54	33.7591435591
580	2014-01-14	58.21	69.7183227469	56.3	15.6243784175	407.05	33.9846429873
581	2014-01-13	57.82	69.2014776535	57.19	15.5757346491	399.61	34.181954987
582	2014-01-10	57.0	68.2140315013	57.6	15.4103458364	395.8	34.6611412718
583	2014-01-09	57.05	68.0875404653	57.74	14.9433656596	395.87	34.5389957482
584	2014-01-08	59.29	67.9762827583	55.91	15.3033295459	397.54	33.6182064165
585	2014-01-07	61.46	68.1079422453	57.94	15.3227870533	390.98	32.866541656
586	2014-01-06	66.29	68.8900104788	57.22	15.916241028	397.66	33.8624974637
587	2014-01-03	69.0	74.8745326131	58.23	15.702208447	401.01	33.3833111789
588	2014-01-02	67.5	74.2720000437	57.92	15.4492608512	401.92	33.5994147975
589	2013-12-31	63.65	75.6470800159	57.2	15.2449570238	398.03	34.2101424155
590	2013-12-30	60.51	75.0119045985	54.56	15.4298033438	393.63	33.9470597493
591	2013-12-27	63.75	74.6800356438	54.71	15.5854634028	396.44	34.6799328908
592	2013-12-26	73.31	73.5375359636	54.65	15.5368196343	397.97	34.9148281285
593	2013-12-24	69.96	75.3845771132	53.71	15.332515807	398.79	35.1497233662
594	2013-12-23	64.54	75.8075740186	55.44	15.2449570238	393.37	35.0369736521
595	2013-12-20	60.01	74.315523841	57.73	15.3908883291	398.08	35.0369736521
596	2013-12-19	57.49	72.8656373421	57.96	15.3519733143	404.39	35.1779107947
597	2013-12-18	55.51	72.4861642341	57.77	15.2644145312	399.2	34.8396616525
598	2013-12-17	56.45	72.9729507049	55.12	14.962823167	402.92	34.4074544151
599	2013-12-16	56.61	73.9170090716	55.05	14.9044506448	402.2	34.5765789863
600	2013-12-13	59.0	73.4515084579	55.57	14.7001468175	395.19	34.0598094634
601	2013-12-12	55.33	73.980934649	54.86	14.6320455417	395.96	34.3698711771
602	2013-12-11	52.34	73.5796996423	53.81	14.6125880343	387.65	34.3134963201
603	2013-12-10	51.99	75.2322438225	53.32	14.7001468175	388.97	34.6611412718
604	2013-12-09	49.14	76.3053774507	51.83	14.992009428	384.24	34.4732250817
605	2013-12-06	44.95	75.4213003172	49.38	15.1379407333	381.25	34.9712029856
606	2013-12-05	45.62	76.1788864147	50.25	14.7974343543	382.19	35.3376395563
607	2013-12-04	43.69	76.6970916268	48.84	15.0503819501	387.78	35.8074300317
608	2013-12-03	41.37	77.2098563642	47.94	15.2741432849	384.89	36.3711786021
609	2013-12-02	40.78	77.5390050816	48.34	15.5270908807	386.95	36.0423252694
610	2013-11-29	41.57	74.6732350504	48.62	15.3130582996	384.49	35.7040761271
611	2013-11-27	40.9	74.0530209383	46.73	15.3227870533	385.96	36.5872822208
612	2013-11-26	40.18	74.9112558172	47.06	15.176855748	384.66	35.9953462218
613	2013-11-25	39.06	75.4852258946	47.01	15.2741432849	392.3	36.1268875549
614	2013-11-22	41.0	75.82661568	46.49	15.2157707628	393.62	35.8262216507
615	2013-11-21	42.06	75.4090592492	45.89	15.0892969649	386.71	35.3282437468
616	2013-11-20	41.05	76.2400917547	44.82	14.7682480933	381.37	35.0933485092
617	2013-11-19	41.75	76.3516214854	46.23	14.9141793985	376.64	35.3658269849
618	2013-11-18	41.14	76.9215112068	46.7	14.7974343543	372.31	35.3000563183
619	2013-11-15	43.98	77.0412016495	46.43	15.0211956891	368.92	35.1403275567
620	2013-11-14	44.69	76.169365584	46.36	15.2679206424	362.57	34.8396616525
621	2013-11-13	42.6	77.2412751054	45.83	15.6452646887	364.94	34.5202041292
622	2013-11-12	41.9	76.8467046802	49.01	15.6936421305	366.18	34.6880495302
623	2013-11-11	42.9	77.0265123679	48.99	15.625913712	369.17	35.284833178
624	2013-11-08	41.65	74.9738212758	48.71	15.2098677122	367.4	35.452678579
625	2013-11-07	44.9	75.6321187106	46.61	15.1808412471	356.22	35.5832250019
